price,Area,Location,latitude,longitude,No. of Bedrooms,Resale,VaastuCompliant,nearbyresources,essentials
60,850,Acharya Jagadish Chandra Bose Road,22.5409366,88.3413131,2,1,0,0000000000000,00000
42,1470,Action Area I,22.57473375,88.48236418590506,3,1,0,0000000000000,00000
34,962,Action Area I,22.57473375,88.48236418590506,2,1,0,0000000000000,00000
101,1550,Action Area II Newtown,22.6231943,88.4437332,3,0,0,0000000000000,00000
125,853,Airport,22.5054448,88.29400868673707,3,1,0,0000000000000,00000
31,1210,Airport,22.5054448,88.29400868673707,2,0,0,0000000000000,00000
23,1276,Airport,22.5054448,88.29400868673707,3,0,0,0000000000000,00000
32,4527,Alipore,22.5251784,88.3308629,3,0,0,0000000000000,00000
33,4696,Alipore,22.5251784,88.3308629,4,0,0,0000000000000,00000
30,3000,Alipore,22.5251784,88.3308629,4,1,0,0000000000000,00000
26,2800,Alipore,22.5251784,88.3308629,3,1,0,0000000000000,00000
26,3440,Alipore,22.5251784,88.3308629,5,1,0,0000000000000,00000
50,1360,Alipore,22.5251784,88.3308629,2,1,0,0000000000000,00000
21,3440,Alipore,22.5251784,88.3308629,5,0,0,0000000000000,00000
108,813,Alipore,22.5251784,88.3308629,2,0,0,0000000000000,00000
54,960,Anandapur,22.5142557,88.4098863046898,3,0,0,0000000000000,00000
30,1250,Anandapur,22.5142557,88.4098863046898,3,1,0,0000000000000,00000
110,1022,Anandapur,22.5142557,88.4098863046898,2,0,0,0000000000000,00000
90,1595,Ashok Nagar,22.4845459,88.3469837,3,0,0,0000000000000,00000
108,750,Ashok Nagar,22.4845459,88.3469837,2,1,0,0000000000000,00000
34,650,Ashok Nagar,22.4845459,88.3469837,2,0,0,0000000000000,00000
115,1110,Ashok Nagar,22.4845459,88.3469837,3,1,0,0000000000000,00000
21,632,Babu Bagan,22.5084091,88.3691149,2,0,0,0000000000000,00000
125,750,Babu Bagan,22.5084091,88.3691149,2,1,0,0000000000000,00000
96,1580,Baghajatin,22.4838805,88.3754447,3,0,0,0000000000000,00000
50,820,Baghajatin,22.4838805,88.3754447,2,0,0,0000000000000,00000
35,1250,Baghajatin,22.4838805,88.3754447,3,1,0,0000000000000,00000
35,740,Baghajatin,22.4838805,88.3754447,2,1,0,0000000000000,00000
30,800,Baguiati,22.616396,88.4278599,1,0,0,0000000000000,00000
34,890,Baguiati,22.616396,88.4278599,2,1,0,0000000000000,00000
25,890,Baguiati,22.616396,88.4278599,2,0,0,0000000000000,00000
67,2450,Baguiati,22.616396,88.4278599,4,0,0,0000000000000,00000
78,800,Baguiati,22.616396,88.4278599,3,0,0,0000000000000,00000
24,896,Baguiati,22.616396,88.4278599,1,1,0,0000000000000,00000
26,800,Baguiati,22.616396,88.4278599,2,0,0,0000000000000,00100
20,2400,Baguiati,22.616396,88.4278599,4,1,0,0000000000000,00000
30,1700,Baguiati,22.616396,88.4278599,3,1,0,0000000000000,00000
23,2400,Ballygunge,22.5280337,88.3659084,4,1,0,0000000000000,00000
55,4640,Ballygunge,22.5280337,88.3659084,6,1,0,0000000000000,00000
30,1846,Ballygunge,22.5280337,88.3659084,2,1,0,0000000000000,00000
58,1904,Ballygunge,22.5280337,88.3659084,3,0,0,0000000000000,00000
64,4250,Ballygunge,22.5280337,88.3659084,5,1,0,0000000000000,00000
27,3600,Ballygunge,22.5280337,88.3659084,4,0,0,0000000000000,00000
23,1800,Ballygunge,22.5280337,88.3659084,3,1,0,0000000000000,00000
83,600,Ballygunge,22.5280337,88.3659084,1,0,0,0000000000000,00000
20,1466,Ballygunge,22.5280337,88.3659084,2,0,0,0000000000000,00000
25,1990,Bangur,22.5380171,88.3403304551972,4,0,0,0000000000000,00000
47,2028,Bangur,22.5380171,88.3403304551972,3,0,0,0000000000000,00000
65,1200,Bangur,22.5380171,88.3403304551972,2,1,0,0000000000000,00000
80,930,Bangur,22.5380171,88.3403304551972,2,0,0,0000000000000,00000
90,560,Bangur,22.5380171,88.3403304551972,1,0,0,0000000000000,00000
30,799,Bangur avenue,22.6068854,88.4107265,2,1,0,0000000000000,00000
23,1609,Bansdroni,22.4707691,88.3618078,3,0,0,0000000000000,00000
24,750,Bansdroni,22.4707691,88.3618078,2,1,0,0000000000000,00000
135,990,Bansdroni,22.4707691,88.3618078,2,0,0,0000000000000,00000
38,900,Bansdroni,22.4707691,88.3618078,3,1,0,0000000000000,00000
32,620,Bansdroni,22.4707691,88.3618078,1,0,0,0000000000000,00000
23,500,Bansdroni,22.4707691,88.3618078,1,1,0,0000000000000,00000
42,1150,Baranagar,22.6467949,88.3740078,3,0,0,0000000000000,00000
940,1935,Baranagar,22.6467949,88.3740078,4,0,0,0000000000000,00000
46,725,Baranagar,22.6467949,88.3740078,2,0,0,0000000000000,00000
30,690,Baranagar,22.6467949,88.3740078,2,1,0,0000000000000,00000
55,1450,Baranagar,22.6467949,88.3740078,3,1,0,0000000000000,00000
32,1200,Barasat,22.7240295,88.4889199,3,0,0,0000000000000,00000
22,1016,Barasat,22.7240295,88.4889199,3,0,0,1111100000001,10110
27,940,Barasat,22.7240295,88.4889199,3,1,0,0000000000000,00000
44,936,Barasat,22.7240295,88.4889199,2,0,0,0000000000000,00000
43,970,Barisha,22.4621691,88.2856024,2,0,0,0000000000000,00000
21,1013,Barisha,22.4621691,88.2856024,3,0,0,0000000000000,00000
110,1308,Barrackpore,22.64462075,88.3761585109337,3,1,0,0000000000000,00000
31,1100,Barrackpore,22.64462075,88.3761585109337,3,0,0,0000000000000,00000
43,844,Barrackpore,22.64462075,88.3761585109337,2,0,0,0000000000000,00000
70,1250,Beckbagan,22.5408326,88.3592162,3,1,0,0000000000000,00000
55,1168,Behala,22.501572,88.3209435,3,0,0,0000000000000,00000
38,1100,Behala,22.501572,88.3209435,2,0,0,0000000000000,00000
70,1350,Behala,22.501572,88.3209435,3,1,0,0000000000000,00000
58,997,Behala,22.501572,88.3209435,2,1,0,0000000000000,00000
69,690,Behala,22.501572,88.3209435,1,1,0,0000000000000,00000
62,1050,Behala,22.501572,88.3209435,1,0,0,0000000000000,00000
52,1685,Behala,22.501572,88.3209435,4,1,0,0000000000000,00000
20,2200,Behala,22.501572,88.3209435,4,0,0,0000000000000,00000
43,1113,Behala,22.501572,88.3209435,3,0,0,1110001010001,11110
94,1203,Behala Chowrasta,22.4873548,88.3133794,3,0,0,0000000000000,00000
45,880,Behala Chowrasta,22.4873548,88.3133794,2,0,0,0000000000000,00000
23,1173,Behala Thana,22.5035284,88.3190032,3,0,0,0000000000000,00000
29,1584,Belgachia,22.6059241,88.3863913,4,1,0,0000000000000,00000
40,1494,Belghoria,22.6564623,88.44672798751654,3,1,0,0000000000000,00000
78,650,Belghoria,22.6564623,88.44672798751654,2,1,0,0000000000000,00000
30,1100,Belghoria,22.6564623,88.44672798751654,3,0,0,0000000000000,00000
65,1046,Belghoria,22.6564623,88.44672798751654,2,0,0,0000000000000,00000
220,1119,Belghoria Expressway,22.6564623,88.44672798751654,3,0,0,0000000000000,00000
275,774,Belghoria Expressway,22.6564623,88.44672798751654,2,0,0,0000000000000,00000
96,3138,Beliaghata,22.5506557,88.40391715,4,0,0,0000000000000,00000
63,1870,Beliaghata,22.5506557,88.40391715,3,0,0,0000000000000,00000
30,800,Beliaghata,22.5506557,88.40391715,2,0,0,0000000000000,00000
140,2100,Beniapukur,22.5490749,88.3683399,6,1,0,0000000000000,00000
420,1650,Beniapukur,22.5490749,88.3683399,3,1,0,0000000000000,00000
99,1300,Beniapukur,22.5490749,88.3683399,2,1,0,0000000000000,00000
52,780,Bijoygarh,22.4872704,88.3685589,2,1,0,0000000000000,00000
82,700,Bijoygarh,22.4872704,88.3685589,2,0,0,0000000000000,00000
23,1203,Biren Roy Road,22.4851497,88.3078775,3,0,0,0000000000000,00000
66,991,Biren Roy Road,22.4851497,88.3078775,2,0,0,0000000000000,00000
41,982,Biren Roy Road West,22.4851497,88.3078775,2,0,0,0000000000000,00000
24,1572,Block O,22.5071296,88.33702637255445,3,0,0,0000000000000,00000
35,1301,Boral,22.4347989,88.3761823,3,1,0,0000000000000,00000
37,740,Boral,22.4347989,88.3761823,2,0,0,0000000000000,00000
75,480,Bow Bazaar,22.5725398,88.3524126,1,1,0,0000000000000,00000
53,780,Bow Bazaar,22.5725398,88.3524126,2,1,0,0000000000000,00000
27,2100,Bow Bazaar,22.5725398,88.3524126,5,1,0,0000000000000,00000
115,750,Brahmapur Road,22.4599211,88.3645083,2,1,0,0000000000000,00000
50,800,Brahmapur Road,22.4599211,88.3645083,3,1,0,0000000000000,00000
136,892,Brahmapur Road,22.4599211,88.3645083,2,0,0,0000000000000,00000
49,750,Brahmapur Road,22.4599211,88.3645083,1,1,0,0000000000000,00000
62,1600,Camac Street,22.5433581,88.3521058,3,1,0,0000000000000,00000
89,820,Chatterjee Bagan,22.5100145,88.3493121,3,0,0,0000000000000,00000
122,850,Chingrighata,22.5586562,88.4108018,2,0,0,0000000000000,00000
170,1400,College Square,22.5745254,88.3644645,3,1,0,0000000000000,00000
39,1987,Cossipore,22.6173485,88.3737337,4,0,0,0000000000000,00000
106,1987,Cossipore,22.6173485,88.3737337,4,1,0,0000000000000,00000
26,1565,Cossipore,22.6173485,88.3737337,3,1,0,0000000000000,00000
46,1530,Cossipore,22.6173485,88.3737337,3,0,0,0000000000000,00000
67,1150,Dakshineswar,22.654827,88.35757762289637,3,1,0,0000000000000,00000
25,1250,Dakshineswar,22.654827,88.35757762289637,3,0,0,0000000000000,00000
50,1030,Dakshineswar,22.654827,88.35757762289637,2,0,0,0000000000000,00000
34,1225,Dhakuria,22.5094085,88.371185,3,0,0,0000000000000,00000
55,920,Dhakuria,22.5094085,88.371185,2,1,0,0000000000000,00000
28,800,Dhakuria,22.5094085,88.371185,2,0,0,0000000000000,00000
43,600,Dhakuria Station Road,22.5095496,88.3695441,2,0,0,0000000000000,00000
57,1000,Dhakuria Station Road,22.5095496,88.3695441,3,1,0,0000000000000,00000
69,750,Dhakuria Station Road,22.5095496,88.3695441,2,1,0,0000000000000,00000
125,2440,Dhapa,22.5478233,88.4002314,3,1,0,0000000000000,00000
50,2300,Dhapa,22.5478233,88.4002314,4,1,0,0000000000000,00000
39,1065,Dhapa,22.5478233,88.4002314,2,0,0,0000000000000,00000
37,728,Dharmatala Road,22.5207534,88.3853744,2,1,0,0000000000000,00000
57,1476,Dum Dum,22.6211141,88.3928973,3,0,0,0000000000000,00000
23,1126,Dum Dum,22.6211141,88.3928973,2,0,0,0000000000000,00000
20,1947,Dum Dum,22.6211141,88.3928973,4,0,0,0000000000000,00000
25,1360,Dum Dum,22.6211141,88.3928973,2,1,0,0000000000000,00000
215,1130,Dum Dum,22.6211141,88.3928973,3,1,0,0000000000000,00000
26,800,Dum Dum,22.6211141,88.3928973,1,0,0,0000000000000,00000
130,2210,Dum Dum,22.6211141,88.3928973,4,0,1,1111111010111,11110
25,858,Dum Dum,22.6211141,88.3928973,2,0,0,0000000000000,01010
110,1920,Dum Dum,22.6211141,88.3928973,3,0,1,1111111010111,11110
79,1310,Dum Dum,22.6211141,88.3928973,2,0,1,1111111010111,11110
34,872,Dum Dum,22.6211141,88.3928973,2,0,0,0000000000000,10110
170,1426,Dum Dum Park,22.6210988,88.39782553063668,3,1,0,0000000000000,00000
41,835,Dum Dum Park,22.6210988,88.39782553063668,2,1,0,0000000000000,00000
92,1217,Dum Dum Park,22.6210988,88.39782553063668,1,1,0,1111111010101,10110
33,1420,Dunlop,22.6467949,88.3740078,3,1,0,0000000000000,00000
50,920,Dunlop,22.6467949,88.3740078,2,1,0,0000000000000,00000
34,1565,Durgapur,22.5222498,88.3203872,3,0,0,0000000000000,00000
503,1194,Durgapur,22.5222498,88.3203872,2,0,0,0000000000000,00000
127,2518,Elgin,22.5373748,88.34756170104649,4,1,0,0000000000000,00000
57,5100,Elgin,22.5373748,88.34756170104649,4,0,0,0000000000000,00000
23,1100,Elgin,22.5373748,88.34756170104649,2,1,0,0000000000000,00000
31,1550,Elgin,22.5373748,88.34756170104649,3,1,0,0000000000000,00000
33,980,Garfa,22.5062108,88.3839871,2,0,0,0000000000000,00000
67,1404,Garfa,22.5062108,88.3839871,3,1,0,0000000000000,00000
32,1500,Garfa,22.5062108,88.3839871,3,0,0,0000000000000,00000
21,1496,Garia,22.4727076,88.3977962,3,1,0,0000000000000,00000
26,1400,Garia,22.4727076,88.3977962,3,0,0,0000000000000,00000
31,1020,Garia,22.4727076,88.3977962,2,1,0,0000000000000,00000
54,1139,Garia,22.4727076,88.3977962,2,0,0,0000000000000,00000
41,1959,Garia,22.4727076,88.3977962,4,0,0,0000000000000,00000
38,1959,Garia,22.4727076,88.3977962,4,1,0,0000000000000,00000
33,675,Garia,22.4727076,88.3977962,1,1,0,0000000000000,00000
36,1055,Garia,22.4727076,88.3977962,1,0,0,0000000000000,00000
110,1200,Gariahat,22.5194835,88.3650649,3,1,0,0000000000000,10100
207,2320,Gariahat,22.5194835,88.3650649,4,0,0,0000000000000,00000
141,4891,Gariahat,22.5194835,88.3650649,5,1,0,0000000000000,00000
210,1650,Gariahat,22.5194835,88.3650649,3,1,0,0000000000000,00000
35,1300,Gariahat,22.5194835,88.3650649,2,1,0,0000000000000,00000
66,1150,Ghosh Para,22.62443735,88.40193618428296,3,0,0,0000000000000,00000
29,1250,Gitanjali Park,22.4706784,88.35538143911252,2,0,0,0000000000000,00000
77,850,Golf Green,22.4913328,88.3618382,2,1,0,0000000000000,00000
45,813,Haltu,22.510785,88.381874,2,0,0,0000000000000,00000
630,750,Haltu,22.510785,88.381874,2,1,0,0000000000000,00000
63,1431,Haltu,22.510785,88.381874,3,0,0,0000000000000,00000
23,1070,Haltu,22.510785,88.381874,3,1,0,0000000000000,00000
27,500,Haltu,22.510785,88.381874,1,0,0,0000000000000,00000
27,1300,Hazra,22.5227232,88.3499241,3,0,0,0000000000000,00000
50,1400,Hazra,22.5227232,88.3499241,3,1,0,0000000000000,00000
75,964,Hooghly Chinsurah,22.7326552,88.36026136074123,3,0,0,0000000000000,00000
26,769,Hooghly Chinsurah,22.7326552,88.36026136074123,2,1,0,0000000000000,00000
101,1138,Hooghly Chinsurah,22.7326552,88.36026136074123,2,0,0,0000000000000,00000
23,852,Hooghly Chinsurah,22.7326552,88.36026136074123,2,0,1,0000000000000,11110
300,888,Howrah,22.5844844,88.349294,3,0,0,0000000000000,00000
60,1110,Howrah,22.5844844,88.349294,2,0,0,0000000000000,00000
35,1785,Howrah,22.5844844,88.349294,4,0,0,0000000000000,00000
28,625,Howrah,22.5844844,88.349294,1,0,0,0000000000000,00000
39,997,Howrah,22.5844844,88.349294,3,1,0,0000000000000,00000
171,2585,Howrah,22.5844844,88.349294,5,0,0,0000000000000,00000
55,1030,Howrah,22.5844844,88.349294,1,1,0,0000000000000,00000
49,860,Howrah,22.5844844,88.349294,2,1,0,0000000000000,00000
67,1325,Jadavpur,22.495499,88.3709006,3,0,0,0000000000000,00000
316,910,Jadavpur,22.495499,88.3709006,2,0,0,0000000000000,00000
22,820,Jadavpur,22.495499,88.3709006,2,1,0,0000000000000,00000
35,1600,Jadavpur,22.495499,88.3709006,3,1,0,0000000000000,00000
30,1725,Jatin Das Road,22.5171423,88.3566874,4,0,0,0000000000000,00000
45,945,Jessore Road,22.6081979,88.3947688,2,0,0,0000000000000,00000
92,560,Jessore Road,22.6081979,88.3947688,1,0,0,0000000000000,00000
81,2026,Jessore Road,22.6081979,88.3947688,3,0,0,0000000000000,00000
21,850,Jodhpur Gardens,22.5046177,88.3599573,2,1,0,0000000000000,00000
30,684,Jodhpur Park,22.5056055,88.363674,2,1,0,0000000000000,00000
29,1200,Jodhpur Park,22.5056055,88.363674,3,0,0,0000000000000,00000
220,904,Jodhpur Park,22.5056055,88.363674,2,0,0,0000000000000,00000
54,2800,Jodhpur Park,22.5056055,88.363674,6,1,0,0000000000000,00000
62,1500,Jodhpur Park,22.5056055,88.363674,3,1,0,0000000000000,00000
30,4456,Jodhpur Park,22.5056055,88.363674,5,0,0,0000000000000,00000
105,1224,Joginder Garden Lane,22.5145095,88.3894675,3,0,0,0000000000000,00000
33,940,Joka,22.44409665,88.30171460718338,2,0,0,0000000000000,00000
80,1370,Joka,22.44409665,88.30171460718338,3,0,0,0000000000000,00000
130,1440,Joka,22.44409665,88.30171460718338,3,1,0,0000000000000,00000
700,1160,Joka,22.44409665,88.30171460718338,1,1,0,0000000000000,00000
37,1179,Joka,22.44409665,88.30171460718338,3,0,0,1010100000101,11110
55,1265,Joka,22.44409665,88.30171460718338,2,1,0,0000000000000,00000
28,1674,Jorabagan,22.5903989,88.35712378303572,3,0,0,0000000000000,00000
115,1682,Jorabagan,22.5903989,88.35712378303572,3,1,0,0000000000000,00000
79,2773,Jorabagan,22.5903989,88.35712378303572,4,0,0,0000000000000,00000
80,1900,Kalighat,22.5153313,88.3477052,4,1,0,0000000000000,00000
29,1660,Kalighat,22.5153313,88.3477052,3,0,0,0000000000000,00000
853,1067,Kalighat,22.5153313,88.3477052,2,0,0,0000000000000,00000
255,1663,Kalighat,22.5153313,88.3477052,4,0,0,0000000000000,00000
34,1776,Kalighat,22.5153313,88.3477052,3,1,0,0000000000000,00000
69,750,Kalighat,22.5153313,88.3477052,1,1,0,0000000000000,00000
124,1500,Kalighat,22.5153313,88.3477052,2,1,0,0000000000000,00000
100,883,Kalitala Road,22.5062731,88.3987744,2,0,0,0000000000000,00000
88,1265,Kalitala Road,22.5062731,88.3987744,3,1,0,0000000000000,00000
211,2350,Kankurgachi,22.57897245,88.39151741636809,4,0,0,0000000000000,00000
20,693,Kankurgachi,22.57897245,88.39151741636809,2,0,0,0000000000000,00000
85,1870,Kankurgachi,22.57897245,88.39151741636809,3,0,0,0000000000000,00000
27,1300,Kankurgachi,22.57897245,88.39151741636809,3,1,0,0000000000000,00000
22,3548,Kankurgachi,22.57897245,88.39151741636809,4,1,0,0000000000000,00000
57,638,Kankurgachi,22.57897245,88.39151741636809,1,0,0,0000000000000,00000
215,4775,Kankurgachi,22.57897245,88.39151741636809,5,0,0,0000000000000,00000
127,2086,Kasba,22.5044355,88.3721663,4,0,0,0000000000000,00000
166,1830,Kasba,22.5044355,88.3721663,2,0,0,0000000000000,00000
61,1722,Kasba,22.5044355,88.3721663,3,0,0,0000000000000,00000
39,1742,Kasba,22.5044355,88.3721663,3,1,0,0000000000000,00000
32,655,Kasba,22.5044355,88.3721663,2,1,0,0000000000000,00000
23,2086,Kasba,22.5044355,88.3721663,4,1,0,0000000000000,00000
22,1214,Kasba,22.5044355,88.3721663,1,1,0,0000000000000,00000
36,540,Kasba,22.5044355,88.3721663,1,0,0,0000000000000,00000
49,1028,Keshtopur,22.5717279,88.41995689588131,2,1,0,0000000000000,00000
22,710,Keshtopur,22.5717279,88.41995689588131,1,0,0,0000000000000,00000
35,1140,Keshtopur,22.5717279,88.41995689588131,3,1,0,0000000000000,00000
40,800,Keshtopur,22.5717279,88.41995689588131,2,0,0,0000000000000,00000
50,1166,Keshtopur,22.5717279,88.41995689588131,3,0,0,0000000000000,00000
45,720,Keshtopur,22.5717279,88.41995689588131,1,1,0,0000000000000,00000
36,1111,Keshtopur,22.5717279,88.41995689588131,2,0,0,1011000000001,10010
20,1584,Keshtopur,22.5717279,88.41995689588131,4,1,0,0000000000000,00000
30,1131,Keyatala,22.5154157,88.362438,2,1,0,0000000000000,00000
59,1553,Kustia,22.5290324,88.37917248751748,3,1,0,0000000000000,00000
40,1100,Kustia,22.5290324,88.37917248751748,2,1,0,0000000000000,00000
210,850,Lake Gardens,22.5080547,88.3533289,2,0,0,0000000000000,00000
100,850,Lake Gardens,22.5080547,88.3533289,2,1,0,0000000000000,00000
78,1230,Lake Gardens,22.5080547,88.3533289,3,1,0,0000000000000,00000
38,1440,Lake Gardens,22.5080547,88.3533289,3,0,0,0000000000000,00000
24,4800,Lake Gardens,22.5080547,88.3533289,0,0,0,0000000000000,00000
82,1200,Lake Gardens,22.5080547,88.3533289,2,1,0,0000001010000,00101
52,2020,Lake Market,22.51637855,88.34872333799815,3,0,0,0000000000000,00000
24,1005,Lake Town,22.60010775,88.4066983,2,0,0,0000000000000,00000
94,1510,Lake Town,22.60010775,88.4066983,3,0,0,0000000000000,00000
128,1635,Lake Town,22.60010775,88.4066983,4,0,0,0000000000000,00000
220,1460,Lake Town,22.60010775,88.4066983,3,1,0,0000000000000,00000
26,504,Lake Town,22.60010775,88.4066983,1,0,0,0000000000000,00000
22,750,Lake Town,22.60010775,88.4066983,2,1,0,0000000000000,00000
23,1990,Lake Town,22.60010775,88.4066983,4,1,0,0000000000000,00000
80,1062,Maheshtala,22.5440241,88.2696868,3,1,0,0000000000000,00000
70,1236,Maheshtala,22.5440241,88.2696868,1,1,0,0000000000000,00000
20,1377,Maheshtala,22.5440241,88.2696868,3,0,0,0000000000000,00000
58,1524,Maheshtala,22.5440241,88.2696868,2,1,0,0000000000000,00000
78,800,Maheshtala,22.5440241,88.2696868,2,0,0,0000000000000,00000
57,1385,Maniktala,22.5880896,88.3852834,3,0,0,0000000000000,00000
66,1150,Maniktala,22.5880896,88.3852834,3,1,0,0000000000000,00000
110,1021,Maniktala,22.5880896,88.3852834,2,1,0,0000000000000,00000
37,1130,Maniktala,22.5880896,88.3852834,2,0,0,0000000000000,00000
112,1374,Mominpore,22.5270528,88.3260988,2,0,0,0000000000000,00000
323,2379,Mominpore,22.5270528,88.3260988,4,0,0,0000000000000,00000
37,1782,Mominpore,22.5270528,88.3260988,3,0,0,0000000000000,00000
76,3400,Mominpore,22.5270528,88.3260988,5,1,0,0000000000000,00000
55,950,Moore Avenue,22.4797676,88.3510821,2,1,0,0000000000000,00000
52,1344,Mukundapur,22.4920659,88.4112825,3,1,0,0000000000000,00000
20,1054,Mukundapur,22.4920659,88.4112825,2,0,0,0000000000000,00000
39,1645,Mukundapur,22.4920659,88.4112825,3,0,0,0000000000000,00000
79,500,Mukundapur,22.4920659,88.4112825,1,1,0,0000000000000,00000
35,1365,Mukundapur,22.4920659,88.4112825,2,1,0,0000000000000,00000
160,1650,Mukundapur,22.4920659,88.4112825,4,1,0,0000000000000,00000
195,4046,Mukundapur,22.4920659,88.4112825,4,0,0,0000000000000,00000
450,5000,Mukundapur,22.4920659,88.4112825,4,1,0,1100001010001,10101
42,705,Nabapally,22.5146691,88.3904126,2,1,0,0000000000000,00000
40,1600,Naktala,22.4738701,88.3619683,3,1,0,0000000000000,00000
99,851,Naktala,22.4738701,88.3619683,2,0,0,0000000000000,00000
475,1600,Naktala,22.4738701,88.3619683,4,1,0,0000000000000,00000
26,1270,Naktala,22.4738701,88.3619683,3,0,0,0000000000000,00000
39,750,Naktala,22.4738701,88.3619683,2,1,0,0000000000000,00000
68,1250,Naktala Road,22.472836,88.3674517,3,1,0,0000000000000,00000
73,920,Naktala Road,22.472836,88.3674517,2,0,0,0000000000000,00000
69,1580,Naktala Road,22.472836,88.3674517,3,0,0,0000000000000,00000
42,1314,Netaji Nagar,22.4809928,88.3460002,3,0,0,0000000000000,00000
22,1585,Netaji Nagar,22.4809928,88.3460002,2,0,0,0000000000000,00000
30,1108,Netaji Nagar,22.4809928,88.3460002,3,1,0,0000000000000,00000
65,780,Netaji Nagar,22.4809928,88.3460002,2,1,0,0000000000000,00000
49,1501,New Alipore,22.5105326,88.3354264,3,0,0,0000000000000,00000
22,1200,New Alipore,22.5105326,88.3354264,3,1,0,0000000000000,00000
24,950,New Alipore,22.5105326,88.3354264,2,1,0,0000000000000,00000
25,600,New Alipore,22.5105326,88.3354264,1,0,0,0000000000000,00000
46,900,New Alipore,22.5105326,88.3354264,2,0,0,0000000000000,00000
33,3410,New Alipore,22.5105326,88.3354264,4,1,0,0000000000000,00000
96,1377,New Alipore,22.5105326,88.3354264,3,1,1,1100001010101,11110
20,1900,New Alipore,22.5105326,88.3354264,4,0,0,0000000000000,00000
81,1630,New Alipore Road,22.5105326,88.3354264,3,0,0,0000000000000,00000
53,550,New Ballygunge,22.5237185,88.3781891,1,0,0,0000000000000,00000
101,795,New Barrackpore,22.64462075,88.3761585109337,2,0,0,0000000000000,00000
25,1262,New Town,22.5788545,88.4716628,2,0,0,0000000000000,00000
853,1927,New Town,22.5788545,88.4716628,4,0,0,0000000000000,00000
22,901,New Town,22.5788545,88.4716628,3,1,0,0000000000000,00000
30,480,New Town,22.5788545,88.4716628,1,1,0,0000000000000,00000
44,1310,New Town,22.5788545,88.4716628,3,0,0,0000000000000,00000
853,1925,New Town,22.5788545,88.4716628,5,0,0,0000000000000,00000
320,1282,New Town,22.5788545,88.4716628,2,1,0,0000000000000,00000
160,2429,New Town,22.5788545,88.4716628,4,1,0,0000000000000,00000
75,950,New Town,22.5788545,88.4716628,1,0,0,0000000000000,00000
46,1080,New Town,22.5788545,88.4716628,2,0,0,0010000000000,11110
36,973,New Town,22.5788545,88.4716628,2,0,0,1110100010001,11100
83,1956,New Town,22.5788545,88.4716628,3,1,1,1111101010101,11110
33,735,New Town,22.5788545,88.4716628,2,0,0,0000000000000,10100
28,3450,New Town,22.5788545,88.4716628,5,1,0,0000000000000,00000
73,1319,New Town,22.5788545,88.4716628,3,1,0,0000000000000,00100
24,755,New Town,22.5788545,88.4716628,2,0,0,1110101010001,11010
75,1465,New Town,22.5788545,88.4716628,3,1,0,1111101010001,11110
85,1080,New Town,22.5788545,88.4716628,2,1,1,1111101110001,11110
31,1160,New Town AA 3,22.59591305,88.48786528277952,3,0,0,0000000000000,00000
22,943,New Town AA 3,22.59591305,88.48786528277952,2,0,0,0000000000000,00000
31,1915,New Town AA 3,22.59591305,88.48786528277952,4,0,0,0000000000000,00000
38,1500,New Town Action Area I,22.5788545,88.4716628,3,1,0,0000000000000,00000
75,943,New Town Action Area II,22.5788545,88.4716628,2,0,0,0000000000000,00000
99,1837,New Town Action Area II,22.5788545,88.4716628,4,0,0,0000000000000,00000
29,1160,New Town Action Area II,22.5788545,88.4716628,3,0,0,0000000000000,00000
37,943,New Town Rajarhat,22.6236298,88.45048,2,0,0,0000000000000,00000
75,1915,New Town Rajarhat,22.6236298,88.45048,4,0,0,0000000000000,00000
175,1054,North Dumdum,22.64462075,88.3761585109337,2,0,0,0000000000000,00000
32,1114,North Dumdum,22.64462075,88.3761585109337,3,0,0,0000000000000,00000
49,1987,Paikpara,22.6120515,88.3855648,4,0,0,0000000000000,00000
35,801,Park Circus,22.5405657,88.3738598,1,1,0,0000000000000,00000
60,801,Park Circus,22.5405657,88.3738598,1,0,0,0000000000000,00000
54,941,Park Circus,22.5405657,88.3738598,3,0,0,0000000000000,00000
35,1004,Park Circus,22.5405657,88.3738598,2,0,0,0000000000000,00000
82,1300,Park Circus,22.5405657,88.3738598,3,1,0,0000000000000,00000
53,941,Park Circus Road,22.5437045,88.3699468,3,0,0,0000000000000,00000
300,1975,Park Street Area,52.0855618,-0.7272059,3,1,0,0000000000000,00000
20,1000,Parnashree,22.5090184,88.2991427,3,1,0,0000000000000,00000
49,780,Parnashree,22.5090184,88.2991427,2,0,0,0000000000000,00000
850,850,Parnashree,22.5090184,88.2991427,2,1,0,0000000000000,00000
104,1250,Paschim Barisha,22.4621691,88.2856024,3,0,0,0000000000000,00000
65,1150,Paschim Barisha,22.4621691,88.2856024,3,1,0,0000000000000,00000
48,910,Paschim Barisha,22.4621691,88.2856024,2,0,0,0000000000000,00000
24,925,Paschim Barisha,22.4621691,88.2856024,2,1,0,0000000000000,00000
85,1180,Paschim Putiary,22.4803617,88.3377899,1,0,0,0000000000000,00000
27,1197,Paschim Putiary,22.4803617,88.3377899,3,1,0,0000000000000,00000
40,900,Paschim Putiary,22.4803617,88.3377899,2,0,0,0000000000000,00000
46,1017,Paschim Putiary,22.4803617,88.3377899,3,0,0,0000000000000,00000
230,710,Paschim Putiary,22.4803617,88.3377899,2,1,0,0000000000000,00000
38,850,Paschim Putiary,22.4803617,88.3377899,1,1,0,0000000000000,00000
35,938,Patuli,22.4718966,88.3897531,2,1,0,0000000000000,00000
65,1150,Patuli,22.4718966,88.3897531,2,0,0,0000000000000,00000
30,1382,Patuli,22.4718966,88.3897531,3,0,0,0000000000000,00000
80,1100,Patuli,22.4718966,88.3897531,3,1,0,0000000000000,00000
27,2426,Phool Bagan,22.6796053,88.37109074623876,4,1,0,0000000000000,00000
90,900,Phool Bagan,22.6796053,88.37109074623876,2,1,0,0000000000000,00000
70,1187,Phool Bagan,22.6796053,88.37109074623876,3,1,0,0000000000000,00000
60,1011,Phool Bagan,22.6796053,88.37109074623876,1,1,0,0000000000000,00000
105,1030,Picnic Garden,22.5257158,88.3910925,2,0,0,0000000000000,00000
112,1304,Picnic Garden,22.5257158,88.3910925,3,0,0,0000000000000,00000
42,1975,Picnic Garden,22.5257158,88.3910925,4,0,0,0000000000000,00000
141,1405,Picnic Garden,22.5257158,88.3910925,3,1,0,0000000000000,00000
195,1000,Prince Anwar Shah Connector,22.5033539,88.3771383,2,1,0,0000000000000,00000
35,900,Prince Anwar Shah Connector,22.5033539,88.3771383,3,0,0,0000000000000,00000
30,1840,Prince Anwar Shah Connector,22.5033539,88.3771383,4,0,0,0000000000000,00000
55,1030,Prince Anwar Shah Connector,22.5033539,88.3771383,2,0,0,0000000000000,00000
27,1840,Prince Anwar Shah Connector,22.5033539,88.3771383,4,1,0,0000000000000,00000
87,1000,Prince Anwar Shah Connector,22.5033539,88.3771383,3,1,0,0000000000000,00000
100,525,Prince Anwar Shah Connector,22.5033539,88.3771383,1,0,0,0000000000000,00000
429,2200,Prince Anwar Shah Rd,22.5020556,88.3577773,3,1,0,0000000000000,00000
726,1140,Prince Anwar Shah Rd,22.5020556,88.3577773,2,1,0,0000000000000,00000
195,950,Prince Anwar Shah Rd,22.5020556,88.3577773,2,0,0,0000000000000,00000
67,780,Purba Putiary,22.4768118,88.3485022,1,1,0,0000000000000,00000
61,855,Purba Putiary,22.4768118,88.3485022,2,0,0,0000000000000,00000
24,1050,Purbalok Main Road,22.4960442,88.4019458,2,0,0,0000000000000,00000
42,1460,Purbalok Main Road,22.4960442,88.4019458,3,1,0,0000000000000,00000
31,955,Rajarhat,22.6168954,88.4336328,2,0,0,0000000000000,00000
29,1245,Rajarhat,22.6168954,88.4336328,3,0,0,0000000000000,00000
77,1010,Rajarhat,22.6168954,88.4336328,2,1,0,0000000000000,00000
71,1753,Rajarhat,22.6168954,88.4336328,3,0,0,1111100010001,11110
20,734,Rajarhat,22.6168954,88.4336328,2,0,0,1110111111111,11110
58,1390,Rajarhat,22.6168954,88.4336328,3,1,0,0000000000000,00000
75,1900,Rajarhat,22.6168954,88.4336328,3,1,1,1111000010001,11110
37,1020,Rajarhat,22.6168954,88.4336328,2,0,0,1000000000000,10110
36,2600,Rajarhat,22.6168954,88.4336328,4,1,0,0000000000000,00000
75,900,Rajarhat,22.6168954,88.4336328,3,1,0,1100001010001,10100
48,2003,Rajarhat,22.6168954,88.4336328,4,0,0,0000000000000,00000
22,750,Rajarhat,22.6168954,88.4336328,2,1,0,0000000000000,00100
72,956,Rajarhat,22.6168954,88.4336328,1,1,0,0000000000000,00000
54,530,Rajarhat,22.6168954,88.4336328,1,0,0,0000000000000,00000
38,794,Rajbari,22.5968262,88.3671932,2,1,0,0000000000000,00000
22,1086,Rajpur,22.4896149,88.3915957,3,0,0,0000000000000,00000
107,883,Rajpur,22.4896149,88.3915957,2,0,0,0000000000000,00000
38,745,Ramchandrapur,22.4592977,88.3202144,2,0,0,0000000000000,00000
49,850,Ramlal Bazar,22.5075346,88.3851511,2,1,0,0000000000000,00000
30,540,Ramlal Bazar,22.5075346,88.3851511,1,1,0,0000000000000,00000
42,780,Rash Behari Avenue,22.5168329,88.3492254,2,1,0,0000000000000,00000
141,1440,Rash Behari Avenue Connector,22.5143385,88.3934102,3,0,0,0000000000000,00000
38,800,Regent Park,22.4884467,88.3560125,2,0,0,0000000000000,00000
34,933,Regent Park,22.4884467,88.3560125,3,0,0,0000000000000,00000
95,750,Regent Park,22.4884467,88.3560125,2,1,0,0000000000000,00000
135,1600,Regent Park,22.4884467,88.3560125,3,1,0,0000000000000,00000
29,1000,Ripon street,22.5503588,88.3598938,3,1,0,0000000000000,00000
28,630,Ruby Hosp Main Road,22.513245,88.4025652,2,1,0,0000000000000,00000
22,930,Ruby Hosp Main Road,22.513245,88.4025652,2,0,0,0000000000000,00000
32,1200,Salt Lake City,22.57002545,88.43478465637821,3,1,0,0000000000000,00000
66,1550,Salt Lake City,22.57002545,88.43478465637821,3,0,0,0000000000000,00000
23,1032,Salt Lake City,22.57002545,88.43478465637821,2,1,0,0000000000000,00000
32,1032,Salt Lake City,22.57002545,88.43478465637821,2,0,0,0000000000000,00000
161,2300,Salt Lake City,22.57002545,88.43478465637821,4,0,0,0000000000000,00000
42,1850,Salt Lake City,22.57002545,88.43478465637821,4,1,0,0000000000000,00000
120,1300,Santoshpur,22.4960484,88.3822296,3,0,0,0000000000000,00000
95,415,Santoshpur,22.4960484,88.3822296,1,0,0,0000000000000,00000
35,1150,Santoshpur,22.4960484,88.3822296,2,1,0,0000000000000,00000
23,1375,Santoshpur,22.4960484,88.3822296,3,1,0,0000000000000,00000
21,350,Santoshpur,22.4960484,88.3822296,1,1,0,0000001010001,10000
27,380,Santoshpur,22.4960484,88.3822296,1,1,0,0000000000000,00000
28,5300,Santoshpur,22.4960484,88.3822296,4,1,0,0000000000000,00000
24,5000,Sarat Bose Road,22.5393586,88.3546799,5,1,0,0000000000000,00000
97,1100,Sarsuna,22.4780444,88.2910436,3,1,0,0000000000000,00000
135,845,Sarsuna,22.4780444,88.2910436,2,0,0,0000000000000,00000
42,820,Sarsuna,22.4780444,88.2910436,3,0,0,0000000000000,00000
21,710,Sarsuna,22.4780444,88.2910436,2,1,0,0000000000000,00000
32,710,Sarsuna,22.4780444,88.2910436,2,1,0,0000000000000,10100
23,1185,Sealdah,22.5679661,88.3711047,2,1,0,0000000000000,00000
25,1016,Sealdah,22.5679661,88.3711047,1,0,0,0000000000000,00000
40,1851,Sealdah,22.5679661,88.3711047,3,1,0,0000000000000,00000
160,1850,Sealdah,22.5679661,88.3711047,4,1,0,0000000000000,00000
300,1150,Sector II Salt Lake,22.59175005,88.41232712421045,3,1,0,0000000000000,00000
26,750,Sector IV Salt Lake,22.5731234,88.4129121,2,0,0,0000000000000,00000
58,950,Selimpur,22.5064835,88.3746531,2,1,0,0000000000000,00000
61,750,Selimpur,22.5064835,88.3746531,2,0,0,0000000000000,00000
470,650,Selimpur Lane,22.5054313,88.381246,2,1,0,0000000000000,00000
100,1350,Selimpur Road,22.5048261,88.3701569,3,1,0,0000000000000,00000
85,800,Sodepur,22.6937332,88.3754235,2,0,0,0000000000000,00000
30,1160,Sodepur,22.6937332,88.3754235,3,1,0,0000000000000,00000
38,1365,Sodepur,22.6937332,88.3754235,3,0,0,0000000000000,00000
24,840,Sodepur,22.6937332,88.3754235,2,1,0,0000000000000,00000
29,1345,Sodepur,22.6937332,88.3754235,3,0,1,0000000010000,11110
21,1485,Sodepur Road,22.4816097,88.3317151,3,0,0,0000000000000,00000
35,850,Sulekha,22.4912303,88.3723103,2,1,0,0000000000000,00000
350,1250,Swiss Park,22.5043139,88.3486225,2,0,0,0000000000000,00000
49,1050,Swiss Park,22.5043139,88.3486225,2,1,0,0000000000000,00000
26,1625,Swiss Park,22.5043139,88.3486225,3,0,0,0000000000000,00000
53,1000,Tagore Park,22.5215934,88.3956548,2,0,0,0000000000000,00000
20,1150,Tagore Park,22.5215934,88.3956548,2,1,0,0000000000000,00000
35,1300,Tagore Park,22.5215934,88.3956548,3,0,0,0000000000000,00000
62,620,Tagore Park,22.5215934,88.3956548,1,1,0,0000000000000,00000
30,1400,Tagore Park,22.5215934,88.3956548,3,1,0,0000000000000,00000
45,2178,Taltala,22.47420995,88.35512632362978,5,1,0,0000000000000,00000
50,725,Tangra,22.5565107,88.3795946,1,0,0,0000000000000,00000
23,2452,Tangra,22.5565107,88.3795946,4,0,0,0000000000000,00000
39,1201,Tangra,22.5565107,88.3795946,3,0,0,0000000000000,00000
30,1248,Tangra,22.5565107,88.3795946,3,1,0,0000000000000,00000
180,2581,Tangra,22.5565107,88.3795946,4,1,0,0000000000000,00000
90,1744,Tangra,22.5565107,88.3795946,2,1,0,0000000000000,00000
74,951,Tangra,22.5565107,88.3795946,2,0,0,0000000000000,00000
52,672,Tangra,22.5565107,88.3795946,1,1,0,0000000000000,00000
66,7995,Tangra,22.5565107,88.3795946,5,0,0,0000000000000,00000
102,7000,Tangra,22.5565107,88.3795946,5,1,0,0000000000000,00000
97,1107,Tangra,22.5565107,88.3795946,3,0,0,1111100010001,01110
85,715,Thakurpukur,22.4643677,88.3075322,2,0,0,0000000000000,00000
21,1525,Thakurpukur,22.4643677,88.3075322,3,1,0,0000000000000,00000
32,650,Tiljala,22.5326084,88.3698124,2,0,0,0000000000000,00000
46,750,Tiljala,22.5326084,88.3698124,2,1,0,0000000000000,00000
72,750,Tiljala,22.5326084,88.3698124,3,1,0,0000000000000,00000
90,1401,Tiljala,22.5326084,88.3698124,3,0,0,0000000000000,00000
50,1708,Tiljala,22.5326084,88.3698124,4,0,0,0000000000000,00000
34,1640,Tollygunge,22.498636,88.3453908,3,1,0,0000000000000,00000
76,1314,Tollygunge,22.498636,88.3453908,2,0,0,0000000000000,00000
75,1475,Tollygunge,22.498636,88.3453908,3,0,0,0000000000000,00000
50,3180,Tollygunge,22.498636,88.3453908,5,1,0,0000000000000,00000
37,837,Tollygunge,22.498636,88.3453908,2,0,0,1010100000001,11110
105,2160,Tollygunge,22.498636,88.3453908,4,0,0,0000000000000,00000
36,800,Tollygunge,22.498636,88.3453908,2,1,0,0000000000000,00000
35,1600,Tollygunge,22.498636,88.3453908,4,1,0,0000000000000,00000
21,700,Tollygunge,22.498636,88.3453908,1,1,0,0000000000000,00000
43,800,Tollygunge,22.498636,88.3453908,1,0,0,0000000000000,00000
33,8750,Topsia,22.5418017,88.3869552,5,0,0,0000000000000,00000
40,1535,Topsia,22.5418017,88.3869552,3,1,0,0000000000000,00000
45,4000,Topsia,22.5418017,88.3869552,5,1,0,0000000000000,00000
65,6000,Topsia,22.5418017,88.3869552,4,0,0,0000000000000,00000
290,2898,Topsia,22.5418017,88.3869552,4,1,0,0000000000000,00000
43,9000,Topsia,22.5418017,88.3869552,6,0,0,0000000000000,00000
40,630,Topsia,22.5418017,88.3869552,2,1,0,0000000000000,00000
54,1106,Topsia,22.5418017,88.3869552,3,0,0,0000000000000,00000
135,1613,Topsia Road,22.5333783,88.3856113,3,1,0,0000000000000,00000
115,2000,Topsia Road,22.5333783,88.3856113,4,1,0,0000000000000,00000
305,1020,Topsia Road,22.5333783,88.3856113,2,1,0,0000000000000,00000
40,1386,Topsia Road,22.5333783,88.3856113,3,0,0,0000000000000,00000
55,905,Topsia Road,22.5333783,88.3856113,2,0,0,0000000000000,00000
60,2889,Topsia Road,22.5333783,88.3856113,4,0,0,0000000000000,00000
82,1435,Ultadanga,22.6012775,88.3841474,3,0,0,0000000000000,00000
71,1007,Ultadanga,22.6012775,88.3841474,2,0,0,0000000000000,00000
43,465,Ultadanga,22.6012775,88.3841474,1,0,0,0000000000000,00000
59,1435,Ultadanga,22.6012775,88.3841474,3,1,0,0000000000000,00000
55,3111,Ultadanga,22.6012775,88.3841474,4,0,0,0000000000000,00000
44,2780,Ultadanga,22.6012775,88.3841474,4,1,0,0000000000000,00000
38,770,Ultadanga,22.6012775,88.3841474,2,0,0,0000000000000,01110
71,1021,Ultadanga,22.6012775,88.3841474,1,1,0,0000000000000,00000
73,1021,Ultadanga,22.6012775,88.3841474,2,1,0,0000000000000,00000
40,850,VIP Nagar,22.5236955,88.3988632,2,1,0,0000000000000,00000
34,760,Ward No 113,22.4820412,88.3592462069019,2,0,0,0000000000000,00000
84,600,Ward No 113,22.4820412,88.3592462069019,2,1,0,0000000000000,00000
52,3000,Wood Street,22.5499851,88.3549666,4,1,0,0000000000000,00000
853,1800,Wood Street,22.5499851,88.3549666,3,1,0,0000000000000,00000
101,1500,Wood Street,22.5499851,88.3549666,2,1,0,0000000000000,00000
42,990,birati,22.6564623,88.44672798751654,2,0,0,0000000000000,00000
69,1176,birati,22.6564623,88.44672798751654,3,1,0,0000000000000,00000
49,750,boral main road,22.4347989,88.3761823,2,1,0,0000000000000,00000
28,1450,deshbandhu nagar,26.2552488,88.1815087,3,1,0,0000000000000,00000
35,990,deshbandhu nagar,26.2552488,88.1815087,2,0,0,0000000000000,00000
82,1240,kalikapur,22.5033539,88.3771383,3,1,0,0000000000000,00000
68,900,kalikapur,22.5033539,88.3771383,2,0,0,0000000000000,00000
48,1431,kalikapur,22.5033539,88.3771383,3,0,0,0000000000000,00000
501,1150,kalikapur,22.5033539,88.3771383,1,1,0,0000000000000,00000
56,470,kalikapur,22.5033539,88.3771383,1,0,0,0000000000000,00000
45,780,purbalok,22.4960442,88.4019458,2,1,0,0000000000000,00000
41,1040,purbalok,22.4960442,88.4019458,2,0,0,0000000000000,00000
23,1281,south dum dum,22.64462075,88.3761585109337,3,1,0,0000000000000,00000
75,1281,south dum dum,22.64462075,88.3761585109337,3,0,0,0000000000000,00000
51,1281,south dum dum,22.64462075,88.3761585109337,3,1,1,0000000000000,00100
42,772,south dum dum,22.64462075,88.3761585109337,2,1,0,0000000000000,00000
50,1126,south dum dum,22.64462075,88.3761585109337,4,1,0,0000000000000,00000
62,940,south dum dum,22.64462075,88.3761585109337,2,0,0,0000000000000,00000
